{"precision": 0.7422758100979653, "recall": 0.6065270935960592, "fbeta": 0.6675703151474076}