{"precision": 0.7412140575079872, "recall": 0.5941101152368758, "fbeta": 0.6595593461265103}